HORIZONS_WEB_OVERLAY_V1	1.4.2	1.4.0
a3e336951edafb4cc2556a43d219f76da5f81d3102ced103f14530426af68c9f	716	src/workbook-web/.htaccess	learn/.htaccess
b13a2baf76d36ae8a1f876ac38ab0d79e37b7fa67b9dc68ea7f75abf72016d14	1290	src/workbook-web/asset-decoder.js	learn/asset-decoder.js
4a9b7db37fd2ebbd27843a3f64ad13521c4ab23eef559476227e5e93b3fa46d9	7714	src/workbook-web/icons/apple-touch-icon.png	learn/icons/apple-touch-icon.png
6b1cc8a7eaea784776bc181bed87c454800fbfc3e411fa3c430714aef02189aa	8072	src/workbook-web/icons/icon-192.png	learn/icons/icon-192.png
a1c720837af5a404306957510a2cb59f0b38a8491f75e7c4ce04ad39d49436c1	35715	src/workbook-web/icons/icon-512.png	learn/icons/icon-512.png
378d838027543d0fb162e2e28a90ae4bd77859f81ac5dd1ff848d38c673e6453	7215	src/workbook-web/index.html	learn/index.html
d8a52139a7d8b7ec7c8ae7d828e38c1175243d79b515684c2cc9f89cef585f0f	14244	src/workbook-web/learner-store.js	learn/learner-store.js
19fb10e3e8e05ecb4f7bf0f76e5ddc0715a8b74a28b4b94399459ea318273c1e	19931	src/workbook-web/license-core.js	learn/license-core.js
9396bacbadd1d3921bf8937334b567da0f98c8686cfc398a0c946bc916ec1c7b	537	src/workbook-web/manifest.webmanifest	learn/manifest.webmanifest
dd604c243cb5feec94e77c83277333e21969728e94cb9129d7e327028bac9a86	12373	src/workbook-web/media-store.js	learn/media-store.js
b4e25bab3624f026c7d063cc85493c25bac05200bb1986c04855ed35d6a557a3	188907	src/workbook-web/portal-locales.json	learn/portal-locales.json
ab58ea980a189edec798a29719e6e3a0f46c0f19fc236f5f9437b489d754aa78	17128	src/workbook-web/progress-sync-client.js	learn/progress-sync-client.js
f6b19989e0bb72426e22199b13e3de79561c213cc02eac7bfa828112c45fc488	2803	src/workbook-web/pwa-client.js	learn/pwa-client.js
33b9da2e18e30743ff5b500eaf6cbb5859286ed10130523a55460b19b4fe6fe1	2514	src/workbook-web/shell.css	learn/shell.css
e519bd5ee9f86f7974203be82abb11be4c420266c148ac5b9c6637783609daed	6912	src/workbook-web/shell.js	learn/shell.js
36488a053015bd5db67db500ea11b90852baee0139588c90704fae31405dbfc2	9498	src/workbook-web/sw.js	learn/sw.js
9c5eae0a5aa5b78322029ba54badf781355ba04bb495017ccb922fd6c5790fbc	536	src/workbook-web/web-config.js	learn/web-config.js
2dc2309ea5f2f37c86183868d71ad071129e611b3ff7a6055a82c9f09370327e	25912	src/workbook-web/web-locales.json	learn/web-locales.json
a90c44ec2e8c0a3f1bb6153fd9e774ada8a0939e5874a873f64a7fcf31991f8a	3507	src/workbook-web/web-ui.js	learn/web-ui.js
036d874b1c70bb08b76c37268de7b38cade4bbab69952fe58b598567e14d881a	259	src/learning-api/.htaccess	learning-api/.htaccess
c5950e554e2b69e26da6dc4b897abbe7bc02abe5c125ae51c0cf90f1f558f9c3	23094	src/learning-api/Core.php	learning-api/Core.php
73cb0a90f479cb958e85ebdf0cbab827bc8c58c787c317be514d414591a0f0b9	6228	src/learning-api/README.md	learning-api/README.md
54eb87fabeef40b1bb580f19720ea42f5ceb4d4180ca2e095ae43eeb010de7a9	3061	src/learning-api/bootstrap.php	learning-api/bootstrap.php
9c7e3d970a9b18ad6b8622b7c4ff9d15040798b29ba2e0ca5e3da8062a0adb66	2448	src/learning-api/index.php	learning-api/index.php
e655faae4380453fe4e43c46cd45ff1376990cc25692f021e60074bb5491f6cd	1169103	release-assets/1.4.2/files/learn/asset-manifest.json	learn/asset-manifest.json
12f3a3bf4114e52e6c7f885227a99c83acdeca38b38283bfacd2ccc3c186e4e4	26137	release-assets/1.4.2/files/learn/content/1.4.1/PRIVACY_AND_LICENCE.html.hzn	learn/content/1.4.1/PRIVACY_AND_LICENCE.html.hzn
95a67f09cd345c2675675ed1c09b6b441da3208011adb7404e2b48ce1e8ced5b	4576	release-assets/1.4.2/files/learn/content/1.4.1/guides/ar.html.hzn	learn/content/1.4.1/guides/ar.html.hzn
9de10b16fbd125b312ca5da05fab227053c399d9f1ec88ddaf3463c24a7648c6	4933	release-assets/1.4.2/files/learn/content/1.4.1/guides/bg.html.hzn	learn/content/1.4.1/guides/bg.html.hzn
4e60e7977ff6d64e0ba45c287c069a2ef8a64d77e3a2a5cc3520d5e6865bf40b	4763	release-assets/1.4.2/files/learn/content/1.4.1/guides/bn.html.hzn	learn/content/1.4.1/guides/bn.html.hzn
5626e2fa7aedde252020aa953475b52f3f25614396a561759ce8477d33b60915	4347	release-assets/1.4.2/files/learn/content/1.4.1/guides/cs.html.hzn	learn/content/1.4.1/guides/cs.html.hzn
b010c098dca71fdabf7949d881f15e7ec324277ded2f8ca1ad46032b405519ff	4179	release-assets/1.4.2/files/learn/content/1.4.1/guides/da.html.hzn	learn/content/1.4.1/guides/da.html.hzn
3e44719449caa41c8aa3410da5854771d563e2d6d5df149c90f075ccc6e6428d	4492	release-assets/1.4.2/files/learn/content/1.4.1/guides/de.html.hzn	learn/content/1.4.1/guides/de.html.hzn
38b9cef0b8ca09522bb8681eeb51adc3989c5bcbf640c4e6a087bdebf176d206	5155	release-assets/1.4.2/files/learn/content/1.4.1/guides/el.html.hzn	learn/content/1.4.1/guides/el.html.hzn
65973aa58b4f6db95f3632c48903356f9279a1c152913f63ed47f595ccc128fa	3925	release-assets/1.4.2/files/learn/content/1.4.1/guides/en.html.hzn	learn/content/1.4.1/guides/en.html.hzn
185da8a9fa7caa753af46ff850e22caad5f62e3cd6a96614c3c630f0d63b30d5	4171	release-assets/1.4.2/files/learn/content/1.4.1/guides/es.html.hzn	learn/content/1.4.1/guides/es.html.hzn
25242007198f7f72cc6f535a0d3fbba2ba0938c5d204925a198bea5f4f139696	4671	release-assets/1.4.2/files/learn/content/1.4.1/guides/fa.html.hzn	learn/content/1.4.1/guides/fa.html.hzn
f3ba59cb20afd080e4bc5242d97ba4adaee5a660cec5a1cae4332f584deb4ac9	4253	release-assets/1.4.2/files/learn/content/1.4.1/guides/fi.html.hzn	learn/content/1.4.1/guides/fi.html.hzn
3b032167cf59ea54f64a43b8914bc71477ae64a6987f063e4ef4f16f068cca6a	4375	release-assets/1.4.2/files/learn/content/1.4.1/guides/fr.html.hzn	learn/content/1.4.1/guides/fr.html.hzn
d95126edc84a5db855858a0d9e35d6f951c4842fbfdbeb56ea05c86fab73227a	4427	release-assets/1.4.2/files/learn/content/1.4.1/guides/he.html.hzn	learn/content/1.4.1/guides/he.html.hzn
c910d44a4fb73360d6bf39d5cb2b263f187e647f2d6ae6fd69c84d453012e0dc	4822	release-assets/1.4.2/files/learn/content/1.4.1/guides/hi.html.hzn	learn/content/1.4.1/guides/hi.html.hzn
e3f8a1d17d460f1503115756324d61319deadf4490269e7fbcf8201655a79473	4270	release-assets/1.4.2/files/learn/content/1.4.1/guides/hr.html.hzn	learn/content/1.4.1/guides/hr.html.hzn
f04b64ca612f81dcc4821338cee80f461b7bddca4ca936f055f18dd1b79ce9ba	4425	release-assets/1.4.2/files/learn/content/1.4.1/guides/hu.html.hzn	learn/content/1.4.1/guides/hu.html.hzn
246d7ab56adab48563cce673dca57f0e3ec3a91cb7b3d7e5ce1be7a3fbf60c53	4144	release-assets/1.4.2/files/learn/content/1.4.1/guides/id.html.hzn	learn/content/1.4.1/guides/id.html.hzn
4be26b1d66521a0c1369e1b8fccca3b66545bfcfc7a192ee0f8884182c613f9a	4333	release-assets/1.4.2/files/learn/content/1.4.1/guides/it.html.hzn	learn/content/1.4.1/guides/it.html.hzn
a670e863583926f747ba6542b5d20fa5dfe54b916c89615ec06ef0c34cfecb52	4845	release-assets/1.4.2/files/learn/content/1.4.1/guides/ja.html.hzn	learn/content/1.4.1/guides/ja.html.hzn
5e35ab4d66a64bf26761dc7093c3d13c2248bf5c5c51cb9b5b38a14459fe7f67	4155	release-assets/1.4.2/files/learn/content/1.4.1/guides/ms.html.hzn	learn/content/1.4.1/guides/ms.html.hzn
3d4f0fbe1baf9a9ad6edfd2905cd54c39394776c954d6ce7756fdb441e69432c	4279	release-assets/1.4.2/files/learn/content/1.4.1/guides/nl.html.hzn	learn/content/1.4.1/guides/nl.html.hzn
c5ce1d401428b1ecd7740a737a979c544c42663a2c5d34e93d6f4759f378d129	4171	release-assets/1.4.2/files/learn/content/1.4.1/guides/no.html.hzn	learn/content/1.4.1/guides/no.html.hzn
2fd84ec4597fffa3c2b1c2879c006052f26d97db64c6965aee987f52a21cfeaa	4366	release-assets/1.4.2/files/learn/content/1.4.1/guides/pl.html.hzn	learn/content/1.4.1/guides/pl.html.hzn
f68dd72598e37051614dccc5d1c1e485f506891af61753bf124f7fc3c33e0c47	4378	release-assets/1.4.2/files/learn/content/1.4.1/guides/pt.html.hzn	learn/content/1.4.1/guides/pt.html.hzn
76045d1acf3e06a1a20466f496a63ae160c4fdaded56ca0cc92d6a841d132fd6	4306	release-assets/1.4.2/files/learn/content/1.4.1/guides/ro.html.hzn	learn/content/1.4.1/guides/ro.html.hzn
b1fbe049cc9e25f4277522cffa47fae3b2a4ba66caa2693fd834f38dc5e977a1	4957	release-assets/1.4.2/files/learn/content/1.4.1/guides/ru.html.hzn	learn/content/1.4.1/guides/ru.html.hzn
29b8c1a7feb66b9ee30d08821249c881fd7d251e4174584893a476ddfafbacd6	4806	release-assets/1.4.2/files/learn/content/1.4.1/guides/sr.html.hzn	learn/content/1.4.1/guides/sr.html.hzn
fe9bc79531411f9a30a0bfae08a73865c26fc590b14c563d7522830fa3f75ae7	4199	release-assets/1.4.2/files/learn/content/1.4.1/guides/sv.html.hzn	learn/content/1.4.1/guides/sv.html.hzn
182b63f303e16ad44bd95be3404f698f4bae3fa662710f09d5aa6dbf1d25fc80	4185	release-assets/1.4.2/files/learn/content/1.4.1/guides/tr.html.hzn	learn/content/1.4.1/guides/tr.html.hzn
4f57a4def59734c87639a310176b39c1aa0d1f460b421144b26f0fba08fa85b5	4979	release-assets/1.4.2/files/learn/content/1.4.1/guides/uk.html.hzn	learn/content/1.4.1/guides/uk.html.hzn
1b39c98f257791c39afdd7cf1dc62ea9c38f18442791a9607003a9a1cf6590e4	4685	release-assets/1.4.2/files/learn/content/1.4.1/guides/ur.html.hzn	learn/content/1.4.1/guides/ur.html.hzn
beaab5b4cbb88578e7910a0b8e396adbe1277b0b8c9f56fe3bf331ebd3668583	4512	release-assets/1.4.2/files/learn/content/1.4.1/guides/zh.html.hzn	learn/content/1.4.1/guides/zh.html.hzn
b0c39059abf388d6c2cc3ae281a41a27333a5ca6c4275b1d966d725ea4ef8954	775	release-assets/1.4.2/files/learn/content/1.4.1/learners.css.hzn	learn/content/1.4.1/learners.css.hzn
236217ac46ef29e8779d940e0558aed2b92060971ae80be739938f89cd1ccc31	669	release-assets/1.4.2/files/learn/content/1.4.1/release-config.js.hzn	learn/content/1.4.1/release-config.js.hzn
4e0c224127cd7aab0943073e409b9eed8f02ee037606c0d3378762b7994fb1f4	671	release-assets/1.4.2/files/learn/content/1.4.1/release-config.json.hzn	learn/content/1.4.1/release-config.json.hzn
e0aede3952426bb5e4edbac839b5710b2486e2855295cfc9f2d3c15a609c35c8	869790	release-assets/1.4.2/files/learn/content/1.4.1/workbook-data.js.hzn	learn/content/1.4.1/workbook-data.js.hzn
558c057d1674468f8ec265d3a74b55ac57d111468e4e4a11a10ff811be97b430	53952	release-assets/1.4.2/files/learn/content/1.4.1/workbook.js.hzn	learn/content/1.4.1/workbook.js.hzn
